{
  "jpnTitleInGalleryPage?": false,
  "tagTranslat?": false,
  "tagTranslatVer?": "123",
  "favoritesOrder": "fs_f",
  "siteEx?": false,
  "galleryImgBlur?": false,
  "favPicker?": false,
  "favLongTap?": false,
  "lastFavcat?": "3",
  "lastShowFavcat?": "3",
  "lastShowFavTitle?": "",
  "listMode": "list",
  "safeMode?": true,
  "catFilter": 0,
  "maxHistory": 100,
  "searchBarComp?": false,
  "pureDarkTheme?": false,
  "viewModel": "vertical",
  "clipboardLink?": false,
  "commentTrans?": false,
  "autoLockTimeOut?": -1,
  "showPageInterval?": true,
  "orientation?": "",
  "vibrate?": true,
  "tagIntroImgLv?": "",
  "debugMode?": false,
  "debugCount?": 3,
  "autoRead?": false,
  "turnPageInv?": 3000,
  "toplist?": "15",
  "tabletLayout?": true,
  "tabletLayoutValue?": "automatic",
  "enableTagTranslateCDN?": false,
  "autoSelectProfile?": true,
  "turnPageAnimations?": true,
  "selectProfile?": "1",
  "linkRedirect?": false,
  "viewColumnMode?": "",
  "fixedHeightOfListItems?": true,
  "tagTranslateDataUpdateMode?": "",
  "showCommentAvatar?": false,
  "avatarType?": "",
  "boringAvatarsType?": "",
  "textAvatarsType?": "",
  "avatarBorderRadiusType?": "",
  "enablePHashCheck?": false,
  "enableQRCodeCheck?": false,
  "viewFullscreen?": false,
  "blurringOfCoverBackground?": false,
  "listViewTagLimit?": -1,
  "redirectThumbLink?": true,
  "volumnTurnPage?": false,
  "proxyType?": "",
  "proxyHost?": "",
  "proxyPort?": 1080,
  "proxyUsername?": "",
  "proxyPassword?": "",
  "webDAVMaxConnections?": 2,
  "hideTopBarOnScroll?": false,
  "readViewCompatibleMode?": true,
  "translateSearchHistory?": false,
  "nativeHttpClientAdapter?": false,
  "showComments?": true,
  "showOnlyUploaderComment?": false,
  "showGalleryTags?": true,
  "hideGalleryThumbnails?": false,
  "horizontalThumbnails?": false,
  "pHashThreshold?": 10,
  "pageViewType?": "",
  "enableSlideOutPage?": true
}