{
  "profilelist":"$[]eh_profile",
  "profile_selected?": "1",
  "default_profile?": "1",
  "load_image_through_hAtH?": "",
  "load_browsing_country?": "",
  "image_size?": "",
  "image_size_horizontal?": "",
  "image_size_vertical?": "",
  "gallery_name_display?": "",
  "archiver_settings?": "",
  "front_page_settings?": "",
  "ct_doujinshi?": "",
  "ct_manga?": "",
  "ct_artistcg?": "",
  "ct_gamecg?": "",
  "ct_western?": "",
  "ct_non-h?": "",
  "ct_imageset?": "",
  "ct_cosplay?": "",
  "ct_asianporn?": "",
  "ct_misc?": "",

  "favorites": "$[]eh_setting_item",
  "sort_order_favorites?": "",
  "ratings?": "",
  "xn": "$[]eh_setting_item",
  "xl": "$[]eh_setting_item",

  "tag_filtering_threshold?": "",
  "tag_watching_threshold?": "",

  "excluded_uploaders?": "",
  "xu_quota_using?": 0,
  "xu_quota_max?": 1000,

  "search_result_count?": "",
  "mouse-over_thumbnails?": "",
  "thumbnail_size?": "",
  "thumbnail_rows?": "",
  "thumbnail_Scaling?": "",
  "viewport_override?": "",
  "sort_order_comments?": "",
  "show_comment_votes?": "",
  "sort_order_tags?": "",
  "show_gallery_page_numbers?": "",
  "hentaiAtHome_local_network_host?": "",
  "original_images?": "",
  "always_use_mpv?": "",
  "mpv_style?": "",
  "mpv_thumbnail_pane?": ""
}