{
  "largeThumb?": false,
  "completeCache?": false,
  "startPrecache?": false,
  "ser": 1,
  "href?": "",
  "imageUrl?": "",
  "originImageUrl?": "",
  "thumbUrl?": "",
  "thumbHeight?": 2.0,
  "thumbWidth?": 2.0,
  "imageHeight?": 2000.0,
  "imageWidth?": 1280.0,
  "oriHeight?": 2000.0,
  "oriWidth?": 1280.0,
  "offSet?" : 200.0,
  "sourceId?": "1234",
  "completeHeight?": false,
  "gid?": "1234",
  "token?": "1234",
  "completeDownload?": false,
  "filePath?": "",
  "changeSource?": false,
  "hide?": false,
  "checkHide?": false,
  "downloadProcess?": 1.0,
  "errorInfo?": "",
  "tempPath?": "",
  "filename?": "",
  "showKey?": ""
}