{
  "gid?": "",
  "token?": "",
  "showKey?": "",
  "url?": "",
  "imgUrl?": "",
  "imgUrlL?": "",
  "imgHeight?": 200,
  "imgWidth?": 200,
  "japaneseTitle?": "",
  "englishTitle?": "",
  "category?": "",
  "uploader?": "",
  "posted?": "",
  "language?": "",
  "filecount?": "",
  "rating?": 4.5,
  "ratingCount?": "",
  "torrentcount?": "1",
  "torrents?": "$[]gallery_torrent",
  "filesize?": 487744114,
  "filesizeText?" : "",
  "visible?": "",
  "parent?": "",
  "parentHref?": "",
  "ratingFallBack?": 4.0,
  "numberOfReviews?": "",
  "postTime?": "",
  "favoritedCount?": "",
  "favTitle?": "3D",
  "favcat?": "1",
  "localFav?": false,
  "simpleTags?": "$[]simple_tag",
  "tagsFromApi?": [],
  "translated?": "chinese",
  "tagGroup?": "$[]tag_group",
  "galleryComment?": "$[]gallery_comment",
  "galleryImages?": "$[]gallery_image",
  "chapter?": "$[]chapter",
  "apikey?": "",
  "apiuid?": "",
  "isRatinged?": false,
  "colorRating?": "r",
  "archiverLink?": "",
  "torrentLink?": "",
  "lastViewTime?": 123,
  "pageOfList?": 1,
  "favNote?": "",
  "expunged?": false
}